,GPA,Number_of_credits_approved,credits_remaining,current_semester,course_load,library_books_borrowed
count,300000.0,300000.0,300000.0,300000.0,300000.0,300000.0
mean,3.497710522693525,78.50771666666667,81.47003666666667,4.5104033333333335,17.500233333333334,3.0008033333333333
std,0.49805966666092977,43.43395471457551,44.98467065865108,2.291512442489996,1.7079294488645882,1.737225589217296
min,2.0,0.0,0.0,1.0,15.0,0.0
25%,3.1618421331997526,41.0,44.0,3.0,16.0,2.0
50%,3.4969704033386675,77.0,82.0,5.0,17.0,3.0
75%,3.8338440080645375,115.0,118.0,7.0,19.0,4.0
max,5.0,180.0,180.0,9.0,20.0,14.0
